timestamp_sec,gaze_x,gaze_y,fixation
0.0,0.5496714153011233,0.5125224502647907,0
0.016666666666666666,0.4861735698828815,0.4570594458874747,0
0.03333333333333333,0.5647688538100692,0.5122297503032284,0
0.05,0.6523029856408026,0.5543298029036388,1
0.06666666666666667,0.4765846625276664,0.5048860070325705,0
0.08333333333333333,0.4765863043050819,0.5040591691203883,0
0.1,0.6579212815507391,0.42980083121932444,0
0.11666666666666667,0.5767434729152909,0.4337099082449052,0
0.13333333333333333,0.4530525614065048,0.3597394728200306,0
0.15,0.5542560043585965,0.6749576743186939,0
0.16666666666666666,0.4536582307187538,0.3756136764608715,0
0.18333333333333332,0.4534270246429743,0.4307094802204093,1
0.2,0.5241962271566034,0.42815927344308025,0
0.21666666666666667,0.3086719755342202,0.5894924376944441,0
0.23333333333333334,0.3275082167486967,0.4705050321707972,0
0.25,0.4437712470759027,0.6247742072673734,0
0.26666666666666666,0.39871688796655763,0.4326509375756131,0
0.2833333333333333,0.5314247332595274,0.5278994162223802,0
0.3,0.4091975924478789,0.41646529467402427,0
0.31666666666666665,0.3587696298664709,0.7145149127773388,1
0.3333333333333333,0.6465648768921555,0.3812401580970487,1
0.35,0.47742236995134646,0.5309820710227028,0
0.36666666666666664,0.5067528204687923,0.5633776880932099,0
0.3833333333333333,0.3575251813786543,0.5413799097451498,1
0.4,0.44556172754748175,0.4814712341122292,0
0.4166666666666667,0.5110922589709866,0.4870179300266574,1
0.43333333333333335,0.3849006422577697,0.5043811471979109,0
0.45,0.5375698018345672,0.48529979983715116,0
0.4666666666666667,0.4399361310081195,0.596387911679491,0
0.48333333333333334,0.4708306250206723,0.7210523001591351,0
0.5,0.4398293387770603,0.44425082149921663,0
0.5166666666666666,0.6852278184508938,0.3630197020420922,0
0.5333333333333333,0.4986502775262066,0.4911717951648745,0
0.55,0.39422890710440994,0.7579709337654319,0
0.5666666666666667,0.5822544912103189,0.4196325432030269,0
0.5833333333333334,0.37791563500289777,0.6639116805444067,1
0.6,0.5208863595004756,0.667770081407644,0
0.6166666666666667,0.30403298761202247,0.44464117582920054,0
0.6333333333333333,0.3671813951101569,0.5568983079185276,0
0.65,0.5196861235869124,0.6628396623128539,0
0.6666666666666666,0.573846657999541,0.4620872259012513,1
0.6833333333333333,0.5171368281189971,0.47964196398976383,0
0.7,0.48843517176117596,0.4418319086051356,0
0.7166666666666667,0.4698896304410711,0.3985243269307133,0
0.7333333333333333,0.35214780096325726,0.4350722454933993,0
0.75,0.4280155791605291,0.3776059733237743,0
0.7666666666666666,0.45393612290402124,0.5034083468259226,1
0.7833333333333333,0.6057122226218916,0.42300267689413584,0
0.8,0.5343618289568461,0.5233785911790748,0
0.8166666666666667,0.3236959844637266,0.3444104353796372,0
0.8333333333333334,0.5324083969394795,0.5330880232214457,0
0.85,0.4614917719583683,0.5833528961608925,0
0.8666666666666667,0.4323077999694041,0.3006264357428544,0
0.8833333333333333,0.5611676288840868,0.5374056569847572,0
0.9,0.6030999522495951,0.6227668992473292,0
0.9166666666666666,0.5931280119116199,0.37903589813087946,0
0.9333333333333333,0.41607824767773616,0.6672572386837703,0
0.95,0.46907876241487856,0.5419019009366045,0
0.9666666666666667,0.5331263431403563,0.4294988144241591,0
0.9833333333333333,0.5975545127122359,0.4944230922342294,1
1.0,0.452082576215471,0.5558326912521723,0
1.0166666666666666,0.4814341023336183,0.5076005391412411,0
1.0333333333333332,0.3893665025993972,0.5538755992446369,0
1.05,0.38037933759193293,0.40793264069206336,0
1.0666666666666667,0.5812525822394198,0.5169360824036078,0
1.0833333333333333,0.6356240028570823,0.35862855030950197,0
1.1,0.49279898784196663,0.48887739386512996,0
1.1166666666666667,0.6003532897892024,0.40960923585352105,0
1.1333333333333333,0.5361636025047634,0.42644700574102334,0
1.15,0.43548802453948754,0.6236093175210438,0
1.1666666666666667,0.5361395605508414,0.6091310120594269,0
1.1833333333333333,0.6538036566465969,0.5609138120907177,0
1.2,0.49641739608900487,0.3907687235327421,1
1.2166666666666666,0.6564643655814006,0.46835915503051984,0
1.2333333333333334,0.23802548959102554,0.6213097699979183,0
1.25,0.5821902504375224,0.5141716913639904,0
1.2666666666666666,0.5087047068238171,0.7319329539981694,1
1.2833333333333332,0.47009926495341325,0.5393317839394371,0
1.3,0.5091760776535502,0.5192049116490032,0
1.3166666666666667,0.3012431085399107,0.4690883535797499,0
1.3333333333333333,0.4780328112162488,0.5133540904782282,0
1.35,0.5357112571511746,0.4847530163619456,0
1.3666666666666667,0.6477894044741517,0.570810867668859,0
1.3833333333333333,0.44817297817263524,0.5956702316794584,0
1.4,0.4191506397106812,0.421401053949205,0
1.4166666666666667,0.44982429564154636,0.3668767046442222,1
1.4333333333333333,0.5915402117702074,0.3163794626896703,0
1.45,0.5328751109659684,0.5507991326912544,0
1.4666666666666666,0.4470239796232961,0.38966333938261266,0
1.4833333333333334,0.5513267433113356,0.28471094070475167,0
1.5,0.509707754934804,0.5388578604530965,1
1.5166666666666666,0.596864499053289,0.749299951743279,0
1.5333333333333332,0.4297946906122648,0.4993929088460107,0
1.55,0.4672337853402232,0.5838490774451642,0
1.5666666666666667,0.4607891846867842,0.5081829358547565,0
1.5833333333333333,0.35364850518678814,0.49011103468088574,0
1.6,0.5296120277064577,0.5919076482987768,0
1.6166666666666667,0.526105527217989,0.4709725455811349,0
1.6333333333333333,0.500511345664246,0.5267392314071903,0
1.65,0.4765412866624853,0.5321697806196014,0
1.6666666666666667,0.35846292579495853,0.4331909546356951,1
1.6833333333333333,0.4579354677234641,0.5992042349536523,0
1.7,0.465728548347323,0.48250402433045914,0
1.7166666666666666,0.4197722730778381,0.4244254840507155,0
1.7333333333333334,0.48387142883339906,0.5536509843570403,0
1.75,0.5404050856814538,0.41015320182089626,0
1.7666666666666666,0.6886185901210531,0.5028181157369128,0
1.7833333333333332,0.5174577812831839,0.49908810033557965,0
1.8,0.5257550390722764,0.6085895565831578,0
1.8166666666666667,0.4925554084233833,0.5474698232879953,0
1.8333333333333333,0.30812287847009584,0.4974973041254856,1
1.8499999999999999,0.49734861245507833,0.5817766299200287,0
1.8666666666666667,0.5060230209941027,0.6390207549017314,0
1.8833333333333333,0.7463242112485287,0.5557810306351862,0
1.9,0.48076390352188775,0.501035261984338,0
1.9166666666666667,0.5301547342333612,0.368816376764984,0
1.9333333333333333,0.49652882302947565,0.39348863369246273,0
1.95,0.3831321962380468,0.46947752956453326,0
1.9666666666666666,0.6142822814515021,0.4390487797840717,0
1.9833333333333334,0.5751933032686775,0.4813028697014554,0
2.0,0.5791031947043047,0.5056649924897108,0
2.0166666666666666,0.4090612545205261,0.5529692754356731,1
2.033333333333333,0.64027943109361,0.4929501221940909,0
2.05,0.3598148937207719,0.5486501643826202,0
2.0666666666666664,0.558685709380027,0.5064474414810121,0
2.0833333333333335,0.7190455625809978,0.3024533433646128,0
2.1,0.40094636748693113,0.40606646061812457,0
2.1166666666666667,0.4433702270397228,0.48559124442783846,0
2.1333333333333333,0.5099651365087641,0.37903052571588924,0
2.15,0.44965243458838006,0.5599928729996204,0
2.1666666666666665,0.34493365689338673,0.6530750832343697,0
2.183333333333333,0.5068562974806027,0.6218761851697316,0
2.2,0.3937696286273895,0.47865571290697917,0
2.216666666666667,0.5473592430635181,0.6490726136849952,0
2.2333333333333334,0.4080575765766197,0.5148667457202112,0
2.25,0.6549934405017539,0.46629140288819604,1
2.2666666666666666,0.42167467076637627,0.43865973364590605,1
2.283333333333333,0.46779384837943244,0.4697530313511872,0
2.3,0.581351721736967,0.4611823181458771,0
2.3166666666666664,0.3769135683566045,0.5170416222375488,0
2.3333333333333335,0.522745993460413,0.5160573981049864,1
2.35,0.6307142754282429,0.5003046020153414,1
2.3666666666666667,0.3392516765438772,0.543693816974635,0
2.3833333333333333,0.5184633858532304,0.6190646274786341,0
2.4,0.5259882794248424,0.5949554135441324,0
2.4166666666666665,0.578182287177731,0.35151020315500964,0
2.433333333333333,0.3763049289121918,0.24460788650980453,0
2.45,0.36795433869157235,0.5934319911239274,1
2.466666666666667,0.5521941565616898,0.36331213015845787,0
2.4833333333333334,0.5296984673233186,0.47752345981073163,0
2.5,0.5250492850345877,0.38298869739406405,1
2.5166666666666666,0.5346448209496976,0.31980195624199803,0
2.533333333333333,0.4319975278421509,0.5541462728204788,0
2.55,0.5232253697161003,0.5759155160302647,0
2.5666666666666664,0.5293072473298681,0.44234895992732803,0
2.5833333333333335,0.42856485819736323,0.240895770785509,0
2.6,0.6865774511144757,0.4453755551747517,0
2.6166666666666667,0.5473832920911788,0.5391804005402546,0
2.6333333333333333,0.38086965027973513,0.3521088431225871,0
2.65,0.565655360863383,0.5183359919779156,0
2.6666666666666665,0.40253183297726786,0.4984690150827004,0
2.683333333333333,0.5787084603742452,0.5579291499601089,0
2.7,0.6158595579007404,0.5119580368414153,0
2.716666666666667,0.41793176816482897,0.40269310591184443,0
2.7333333333333334,0.5963376129244322,0.6196571501664492,0
2.75,0.5412780926936498,0.484147042697303,0
2.7666666666666666,0.582206015999449,0.4972695460490068,0
2.783333333333333,0.6896792982653948,0.4066732040926804,0
2.8,0.47546118839971296,0.455671774880849,0
2.8166666666666664,0.42462638356425103,0.4115197285973099,1
2.8333333333333335,0.4110485570374477,0.4827053940076577,0
2.85,0.4184189715034562,0.6711708480142343,0
2.8666666666666667,0.4922898290585896,0.36280988570686434,0
2.8833333333333333,0.5341151974816644,0.33864386021232584,0
2.9,0.5276690799330019,0.6471170327493608,0
2.9166666666666665,0.5827183249036024,0.4790676322848134,0
2.933333333333333,0.5013001891877907,0.43309272613400834,0
2.95,0.6453534077157317,0.6039904687396076,0
2.966666666666667,0.4735343166762044,0.4394384460263136,0
2.9833333333333334,0.7720169166589619,0.6826009713546937,0
3.0,0.5625667347765007,0.5677925871339269,0
3.0166666666666666,0.41428424435837174,0.45120885918542974,1
3.033333333333333,0.39291075019388877,0.7157308213265503,0
3.05,0.5482472415243185,0.4394285076996661,0
3.0666666666666664,0.4776537214674149,0.5742095372009307,0
3.0833333333333335,0.5714000494092092,0.5299292580406492,0
3.1,0.5473237624573545,0.6301741289398798,0
3.1166666666666667,0.49271710873431274,0.6561511196726852,0
3.1333333333333333,0.4153206281931595,0.5032004149065766,0
3.15,0.34851527753141354,0.42465821296538164,0
3.1666666666666665,0.4553485047932979,0.5459972142939117,0
3.183333333333333,0.5856398794323472,0.4322284630247894,0
3.2,0.5214093744130204,0.7013387247526623,1
3.216666666666667,0.3754261221288012,0.5136535331082738,0
3.2333333333333334,0.5173180925851182,0.4634678448687891,0
3.25,0.5385317379728837,0.5184680305864908,0
3.2666666666666666,0.4116142563798867,0.36528737104703035,0
3.283333333333333,0.5153725105945528,0.40283859614893486,0
3.3,0.5058208718446,0.6200413907944425,0
3.3166666666666664,0.38570297021693767,0.4343105721028604,0
3.3333333333333335,0.5357787360348283,0.39530890173180605,0
3.35,0.5560784526368234,0.5536652752527286,0
3.3666666666666667,0.6083051243175277,0.6185704154662997,0
3.3833333333333333,0.6053802052034903,0.5718953310665067,1
3.4,0.3622330632042909,0.5996047685805816,0
3.4166666666666665,0.4062174960084877,0.4243204911430539,0
3.433333333333333,0.551503526720866,0.3578189333258156,0
3.4499999999999997,0.5513785950912209,0.6501333651955487,0
3.466666666666667,0.5515047686306048,0.4677320161157864,0
3.4833333333333334,0.8852731490654722,0.47491669835449524,0
3.5,0.5570890510693167,0.6328194141849058,0
3.5166666666666666,0.6135565640180599,0.555623000940066,0
3.533333333333333,0.5954001763493202,0.5455887772081608,0
3.55,0.5651391251305798,0.7165002344901084,0
3.5666666666666664,0.46847307553596546,0.4356481769619857,0
3.5833333333333335,0.5758969220493267,0.5927840128081238,0
3.6,0.4227174785462428,0.5057013124897084,0
3.6166666666666667,0.4763181393259991,0.5268592278863257,0
3.6333333333333333,0.45146364521708965,0.6528468426412531,0
3.65,0.5081874139386322,0.5507835756289624,0
3.6666666666666665,0.7314658566673509,0.5538296079049633,0
3.683333333333333,0.31327348074082517,0.6072507337309803,0
3.6999999999999997,0.5686260190374514,0.46350472704571144,0
3.716666666666667,0.33872841288103483,0.41607903326609935,0
3.7333333333333334,0.45280681342105666,0.39551908059789664,0
3.75,0.6088950596967366,0.30336434106239984,0
3.7666666666666666,0.5064280019095463,0.7056207129940322,1
3.783333333333333,0.3922255222070694,0.3896791634278317,1
3.8,0.42846962907400316,0.4778746376414228,0
3.8166666666666664,0.5679597748934676,0.47231867001110794,0
3.8333333333333335,0.42696333682828636,0.5307406697809101,0
3.85,0.5216458589581975,0.5815737212539297,0
3.8666666666666667,0.5045571839903814,0.5860473488359745,1
3.8833333333333333,0.43483996523941826,0.44169225614310614,0
3.9,0.7143944089325326,0.48328782862135883,0
3.9166666666666665,0.5633919022318011,0.52825799504883,1
3.933333333333333,0.2974857413342393,0.4751308873816453,0
3.9499999999999997,0.5186454314769428,0.6607345576019993,0
3.966666666666667,0.4338213535231612,0.5490974951638251,1
3.9833333333333334,0.5852433334796224,0.5734877786049818,0
4.0,0.42074792615672996,0.5662881268667412,0
4.016666666666667,0.4885263558533101,0.6173473857485325,0
4.033333333333333,0.5504987278980458,0.5181021558703707,0
4.05,0.5865755194170121,0.37031680520441534,0
4.066666666666666,0.37997035929442236,0.5399687951752642,0
4.083333333333333,0.4665498764159052,0.4348643106208171,1
4.1,0.45250546888390436,0.4471383318250243,0
4.116666666666666,0.43466707674262883,0.5586364018755093,0
4.133333333333333,0.6765454240281097,0.6238283071433636,0
4.15,0.5404981710960955,0.5021271576736062,0
4.166666666666667,0.37391160456649547,0.5308833012598964,0
4.183333333333334,0.5917861947054777,0.6702214944635239,0
4.2,0.7122156197012633,0.5240753179488569,0
4.216666666666667,0.6032465260551148,0.7601683114180395,0
4.233333333333333,0.3480630034045986,0.5565509645631544,0
4.25,0.45157659271337486,0.3239237240844182,0
4.266666666666667,0.6266911149186623,0.5753341621104533,0
4.283333333333333,0.4292330534381219,0.5381158384882778,0
4.3,0.5443819428146228,0.6289752754082746,0
4.316666666666666,0.5774634053429337,0.5673181351269958,0
4.333333333333333,0.4073069528421917,0.4861544016016226,0
4.35,0.49404746439381997,0.37757017637106344,0
4.366666666666666,0.17587326599309272,0.4790976742713975,0
4.383333333333333,0.397561235866571,0.41494795457906997,0
4.4,0.47474318486068395,0.4419476550195277,0
4.416666666666667,0.37522168180351506,0.558857840442061,0
4.433333333333334,0.6632411303931636,0.6669904504351406,0
4.45,0.3569858622039367,0.5394671529822981,0
4.466666666666667,0.4559955513303016,0.38041169379648154,0
4.483333333333333,0.5130740577286091,0.5444602668220141,0
4.5,0.6441273289066116,0.6196631486645652,0
4.516666666666667,0.35641378488205605,0.43902170956806175,0
4.533333333333333,0.616316375215496,0.4865982833327082,0
4.55,0.5010233061019587,0.5014688194729197,0
4.566666666666666,0.4018491348952049,0.421510168691776,0
4.583333333333333,0.5462103474263271,0.5648280433843859,0
4.6,0.519905969557347,0.4879051851392218,0
4.616666666666666,0.43997831228412054,0.5419532443907028,0
4.633333333333333,0.5069802084990019,0.41125078221979,1
4.65,0.46146864031382395,0.45625416996765894,0
4.666666666666667,0.5113517345251248,0.5722381357827772,1
4.683333333333334,0.5662130674521046,0.4627166847908233,0
4.7,0.6586016816145353,0.6726963851233405,0
4.716666666666667,0.3762184501173151,0.46003638143853975,0
4.733333333333333,0.7133033374656267,0.5224684725751886,1
4.75,0.30479122004774983,0.593259083187309,0
4.766666666666667,0.4848214904964417,0.3581634267066968,0
4.783333333333333,0.5588317206484577,0.32391911880192237,0
4.8,0.5280991867735033,0.3474343685429905,0
4.816666666666666,0.43773004801794063,0.6262584103427182,0
4.833333333333333,0.47918777496427245,0.44481418541075535,0
4.85,0.45069990653411673,0.7558199285668252,0
4.866666666666666,0.4410635243055788,0.44357524013426114,0
4.883333333333333,0.5849602097021025,0.5184551303197037,0
4.9,0.5357015485965048,0.6542109952567876,0
4.916666666666667,0.43070904047393455,0.7006092888159123,0
4.933333333333334,0.589959987543325,0.7061503576636398,1
4.95,0.5307299520876609,0.6208366230593143,0
4.966666666666667,0.581286211883896,0.6024062525811462,0
4.983333333333333,0.5629628841923612,0.5592526949201183,0
5.0,0.41710049890779277,0.5778361076166638,0
5.016666666666667,0.443981895980303,0.44488142836714667,0
5.033333333333333,0.5747293605123261,0.41818011165776925,0
5.05,0.5610370265433465,0.49966255425890477,0
5.066666666666666,0.4979098406035852,0.4829815377475072,0
5.083333333333333,0.5117327383308782,0.4546771950672725,0
5.1,0.6277664895788425,0.5696387447456716,0
5.116666666666666,0.440842861116417,0.595530520857051,0
5.133333333333333,0.5547097381170037,0.5088406886291847,1
5.15,0.4797807347566106,0.6477530081055262,0
5.166666666666667,0.478231879677278,0.3858310885866495,0
5.183333333333334,0.609877685198719,0.4806340540720282,0
5.2,0.582541634898803,0.4283177679397195,0
5.216666666666667,0.5813509636000639,0.313346338292694,0
5.233333333333333,0.6305478807154329,0.4917319314157301,0
5.25,0.502100384163276,0.48782524916167164,0
5.266666666666667,0.5681952971294963,0.6513449743242131,0
5.283333333333333,0.4689733243406544,0.5630811684554777,0
5.3,0.5324166352488442,0.3975813175670795,0
5.316666666666666,0.48698569456323154,0.6854092566334189,0
5.333333333333333,0.5096995964992718,0.6221033695525353,0
5.35,0.5595157025436913,0.5582097703468616,0
5.366666666666666,0.41817793167665274,0.4773515901150168,0
5.383333333333333,0.709238727568546,0.404056076327652,0
5.4,0.3993982618500298,0.4627793223928947,0
5.416666666666667,0.3785811387212268,0.6088748619704186,0
5.433333333333334,0.6158110873500068,0.6884586305934609,0
5.45,0.5791662693962936,0.6543243528272189,0
5.466666666666667,0.5624119817052156,0.45111505782137257,0
5.483333333333333,0.562834550926428,0.38803825667109887,1
5.5,0.49877532271530856,0.5140886246911204,0
5.516666666666667,0.41027456285141684,0.32315606344371484,0
5.533333333333333,0.5075804558193726,0.5323167714184781,0
5.55,0.4322838288487888,0.48523974137013315,0
5.566666666666666,0.5975119733417751,0.4533963498131758,0
5.583333333333333,0.48529426184978613,0.34052969327332044,1
5.6,0.4174502803207488,0.5513600106569716,1
5.616666666666666,0.46786141583470064,0.44672991603380885,0
5.633333333333333,0.5412931454275625,0.3830083164289712,1
5.65,0.44362754471960253,0.21277377867183506,1
5.666666666666667,0.41777796044335685,0.4972485094949364,0
5.683333333333334,0.5243687211491912,0.6772251596669744,0
5.7,0.5244966571108722,0.666125921454787,0
5.716666666666667,0.44930568246288705,0.4542903743413728,0
5.733333333333333,0.45289616943816774,0.4397787939638219,0
5.75,0.5232049937357637,0.5468774256075024,0
5.766666666666667,0.35519156585026757,0.4001614560811708,1
5.783333333333333,0.3592536225623445,0.5301791899819466,0
5.8,0.4281555778747564,0.5766080278384691,0
5.816666666666666,0.47865528482881525,0.6226933223884308,0
5.833333333333333,0.5310907565598004,0.4899845923520047,1
5.85,0.6475356216949553,0.4796326249823034,1
5.866666666666666,0.585765962320202,0.4122017413243439,0
5.883333333333333,0.4840061470036573,0.417311964596014,0
5.9,0.4980983792097311,0.4773521108098473,0
5.916666666666667,0.39974706353621914,0.5367365506816179,0
5.933333333333334,0.498148686400761,0.5913584626233249,0
5.95,0.47113413610798616,0.4196821049319655,0
5.966666666666667,0.532271856033809,0.6492688568959522,0
5.983333333333333,0.4172769056447677,0.4728876398957431,0
6.0,0.5519346514241172,0.4978632705651564,0
6.016666666666667,0.6532738913002578,0.42527883208521766,0
6.033333333333333,0.4891239851543142,0.2575759739727058,0
6.05,0.5401711722098942,0.588404539636105,0
6.066666666666666,0.5690143991711113,0.5736843897092433,0
6.083333333333333,0.45987795281141636,0.47186724428817867,0
6.1,0.5224092481810417,0.5066990717224872,0
6.116666666666666,0.5012592400781795,0.55159392177041,0
6.133333333333333,0.5097676098548831,0.34374541431134575,0
6.15,0.42269902161445333,0.4470947322653705,0
6.166666666666667,0.5024510174258943,0.5794264679621828,0
6.183333333333334,0.549799829124545,0.3745710576830751,0
6.2,0.6451143607795042,0.5293557932166629,1
6.216666666666667,0.5959270826085207,0.3643418195376595,0
6.233333333333333,0.7153182457511557,0.5466429982433526,0
6.25,0.42326524371119506,0.4964358517702516,1
6.266666666666667,0.5872320636720678,0.33848681840944905,0
6.283333333333333,0.5183342005738352,0.6164739354457172,0
6.3,0.7189802933217673,0.42654084232019507,0
6.316666666666666,0.4191701714644849,0.4189747562985619,0
6.333333333333333,0.4160278157819224,0.5200569197230943,0
6.35,0.44006073545559776,0.6148637349428715,0
6.366666666666666,0.28761042756901933,0.3984178181021603,1
6.383333333333333,0.4474244978319239,0.5061679849847972,1
6.4,0.4240867338446302,0.5428816500330573,0
6.416666666666667,0.5150393786476207,0.5693105607263144,0
6.433333333333334,0.5341755975777159,0.5176441555277225,0
6.45,0.6876170839215886,0.46329721609166774,1
6.466666666666667,0.595042383818605,0.41724097793512804,1
6.483333333333333,0.4423096344337597,0.5086143883046375,0
6.5,0.4101585328651642,0.39278609880143933,0
6.516666666666667,0.5491919171506505,0.20786495165053925,0
6.533333333333333,0.36797667929793576,0.5436559804157668,0
6.55,0.6831458765854354,0.5903934841086196,0
6.566666666666666,0.6179440120721287,0.26370675644581615,0
6.583333333333333,0.45308243478952953,0.39902692952900626,0
6.6,0.3286865470909123,0.5619154261005198,0
6.616666666666666,0.6353872374165412,0.7057495469711699,0
6.633333333333333,0.4885460154747382,0.5020793707675408,1
6.6499999999999995,0.6237816311973462,0.42719970587708656,0
6.666666666666667,0.34055723412056327,0.481710355889516,0
6.683333333333334,0.4400624977046227,0.6374876419148185,0
6.7,0.5005243699718183,0.4354035820875465,0
6.716666666666667,0.5046980593764742,0.42008079933497466,0
6.733333333333333,0.45499345285207565,0.45172564778179675,0
6.75,0.5622849932347499,0.4046671391741288,0
6.766666666666667,0.3932379570617406,0.5122670315994795,0
6.783333333333333,0.48576205149787066,0.6624678458469561,0
6.8,0.5120295631711899,0.5323079273116029,0
6.816666666666666,0.5514438834058749,0.47476464978737126,0
6.833333333333333,0.571161487808889,0.4708188731084456,0
6.85,0.3875357908162131,0.3436809191303343,0
6.866666666666666,0.3465885829264378,0.588310977714716,0
6.883333333333333,0.6277676821898509,0.4922162802987198,0
6.8999999999999995,0.5332314011979592,0.48195200864093746,0
6.916666666666667,0.42515134634434465,0.8193107567844862,0
6.933333333333334,0.6551151975522523,0.5298752908365686,0
6.95,0.5115674634292858,0.4248208949904816,0
6.966666666666667,0.6179297184063827,0.4573642403794457,0
6.983333333333333,0.5067518481410109,0.6148445709196755,0
7.0,0.7060747924881987,0.5113270410537765,1
7.016666666666667,0.6755340842443205,0.3561722021682633,0
7.033333333333333,0.47510358515209267,0.5919228934575204,0
7.05,0.5971570950954356,0.4331855914461006,0
7.066666666666666,0.5645375949585147,0.6873297776217546,0
7.083333333333333,0.6368631557532349,0.6080048065714648,0
7.1,0.40350765394198956,0.4552678104341249,0
7.116666666666666,0.5686051459998439,0.6281016361735113,1
7.133333333333333,0.6058424486849587,0.5067855510527404,0
7.1499999999999995,0.32412605135768857,0.5852773675122219,0
7.166666666666667,0.3816741487334225,0.5484732817294475,0
7.183333333333334,0.2960767822239899,0.41536433450091265,0
7.2,0.47305931655554423,0.4356450167682538,0
7.216666666666667,0.5717542255795962,0.6029960817581161,0
7.233333333333333,0.6502357052096028,0.4665224667893459,0
7.25,0.5074094780419776,0.4596351536758003,0
7.266666666666667,0.6628615545571293,0.4044877420650647,1
7.283333333333333,0.3619898541785108,0.5423599065593461,1
7.3,0.32966175606448456,0.7062524919243145,0
7.316666666666666,0.49444523011033814,0.3932467085745727,0
7.333333333333333,0.5384065448939307,0.5024219456672758,1
7.35,0.4967305251905907,0.6412220555415429,1
7.366666666666666,0.2932557899960123,0.4920358608754285,0
7.383333333333333,0.49108799604872116,0.5452371796249734,0
7.3999999999999995,0.36955304994951466,0.393760647185312,0
7.416666666666667,0.5669672548830038,0.5428307097207649,0
7.433333333333334,0.5366598246096849,0.48128557349954515,1
7.45,0.40601202136726444,0.5985729995679863,0
7.466666666666667,0.4486133082663306,0.6187386051564752,1
7.483333333333333,0.39407864781110485,0.7589563642018614,0
7.5,0.49373209027268283,0.5579633173213576,1
7.516666666666667,0.5955142320501239,0.5325796316582166,0
7.533333333333333,0.4014273953664456,0.5194384301577336,0
7.55,0.5504046515517844,0.4646833707189312,0
7.566666666666666,0.44697423816275594,0.5338483843461691,0
7.583333333333333,0.4207127167737656,0.47045985898609705,0
7.6,0.4892969640045442,0.5168460976269614,1
7.616666666666666,0.3964757677580626,0.631759753560796,0
7.633333333333333,0.4446350694652818,0.3993457434720359,1
7.6499999999999995,0.38021221074111516,0.6139878561129045,1
7.666666666666667,0.696472513291639,0.6317115067339866,0
7.683333333333334,0.5035263551971728,0.48819314730089214,0
7.7,0.43002744920074143,0.2878145100991405,0
7.716666666666667,0.5213979910734222,0.43921780129055676,0
7.733333333333333,0.48876719503091703,0.629699454656111,0
7.75,0.4779030400466777,0.4977131937701118,0
7.766666666666667,0.5614166700043425,0.4000697767705089,0
7.783333333333333,0.5757507710047305,0.44952250787717823,0
7.8,0.44694988523894724,0.5840620026504553,0
7.816666666666666,0.442418175935532,0.554673356820138,0
7.833333333333333,0.4724948302848356,0.4761067900830306,1
7.85,0.26980788352644147,0.46331755881853126,0
7.866666666666666,0.3484808937801448,0.4608241850956178,1
7.883333333333333,0.6366874267444524,0.4077589815501497,0
7.8999999999999995,0.6644967713501284,0.6615375689469442,0
7.916666666666667,0.47509639604436216,0.467767953078866,0
7.933333333333334,0.5576556963055767,0.6217158520825496,0
7.95,0.5311250154543536,0.6521316051922451,0
7.966666666666667,0.8078880808455238,0.599831089814796,0
7.983333333333333,0.6119574911434577,0.45683796872819515,0
8.0,0.4872082408519233,0.5403730090336609,0
8.016666666666666,0.4044459559399574,0.4975804393609084,0
8.033333333333333,0.3393553679742427,0.40962981392698716,0
8.05,0.5203463635867223,0.5324359281721603,0
8.066666666666666,0.4243649254715697,0.3820960208840197,0
8.083333333333334,0.3577746290402326,0.6187679388461564,0
8.1,0.43534271157574733,0.4535382702701607,0
8.116666666666667,0.3918451996385605,0.5201159655872839,0
8.133333333333333,0.6687141635072564,0.5283287871546142,1
8.15,0.588163975694945,0.4741095026295923,0
8.166666666666666,0.49920273586833824,0.5586693801475274,0
8.183333333333334,0.6479944138890026,0.45250963433774755,0
8.2,0.5077368307647618,0.5871297297457244,0
8.216666666666667,0.4138715798671736,0.36540203197532517,0
8.233333333333333,0.6523124077269657,0.5126379579546412,0
8.25,0.5538910043684658,0.6938928999058285,0
8.266666666666666,0.39627538456735434,0.39996686753944255,0
8.283333333333333,0.4809661321916392,0.43222550294751483,0
8.3,0.41243817466152427,0.5513907849658914,0
8.316666666666666,0.3617200269035664,0.5179581781939598,0
8.333333333333334,0.5926177547531641,0.5350630099273559,0
8.35,0.6909416640470131,0.5489187130147664,0
8.366666666666667,0.36014324261808583,0.563472146856177,0
8.383333333333333,0.5562969236690571,0.6109699841956223,0
8.4,0.4349357430878173,0.5409818656928512,0
8.416666666666666,0.4512874616235304,0.47587423453814576,0
8.433333333333334,0.4407606075761131,0.5672573701202731,0
8.45,0.4136009230320184,0.6899881934895216,0
8.466666666666667,0.5048521627944828,0.48673662536174267,0
8.483333333333333,0.4169049883588962,0.40254706953293584,0
8.5,0.5270456825779839,0.6107080669286973,0
8.516666666666666,0.4949761890550863,0.48796188360464016,0
8.533333333333333,0.47610519531335904,0.28273304539859634,0
8.55,0.4092436337958402,0.5847421677150422,1
8.566666666666666,0.4423228669431667,0.4464671814046077,0
8.583333333333334,0.5755391225825757,0.4909466717695839,0
8.6,0.5500917187624381,0.5331980330569015,0
8.616666666666667,0.40224447552014486,0.5190499679779066,1
8.633333333333333,0.5099332305429226,0.570945181713904,1
8.65,0.575138712337179,0.4564513629430157,0
8.666666666666666,0.3330594718878628,0.5513105798176082,0
8.683333333333334,0.5543360192379935,0.4740453322416083,0
8.7,0.43373762410541533,0.5738810480887503,0
8.716666666666667,0.557059866859316,0.5615367484013053,0
8.733333333333333,0.4236740843457483,0.40645612979554047,0
8.75,0.3195117899335481,0.6085982116175033,0
8.766666666666666,0.33724575621168373,0.4464036554885952,0
8.783333333333333,0.5048084946661382,0.5808057798281145,1
8.8,0.5259722501721482,0.5367287313401341,0
8.816666666666666,0.4095683374895591,0.6838183676795122,0
8.833333333333334,0.5638592458777374,0.4776534017628148,0
8.85,0.33384799377310403,0.46506832038818025,0
8.866666666666667,0.49339202013526834,0.4980580394112267,0
8.883333333333333,0.3788983800237543,0.4696820217165725,0
8.9,0.43481638921978405,0.579994190194205,1
8.916666666666666,0.5047398671316414,0.3383689391563412,0
8.933333333333334,0.41395866347160476,0.3946317580853646,0
8.95,0.46154444557701746,0.3932197078420807,0
8.966666666666667,0.6006292809214441,0.5950307591973576,0
8.983333333333333,0.4423108130476851,0.6710613372581925,0
9.0,0.5835692112065142,0.4895550781462529,0
9.016666666666666,0.38702931453423817,0.4831178276809989,0
9.033333333333333,0.5529804177915283,0.5070052163113181,0
9.05,0.64415686206579,0.616187830260819,0
9.066666666666666,0.2528355499872711,0.4072646865809426,0
9.083333333333334,0.42031047445295233,0.5238368982734785,0
9.1,0.557707212718054,0.5975197629782429,0
9.116666666666667,0.47969546139570074,0.5501094169939845,0
9.133333333333333,0.5371145873371309,0.5189581616598743,0
9.15,0.4396014813284179,0.6001046092567142,0
9.166666666666666,0.5086589787472899,0.22967677070007625,0
9.183333333333334,0.48443227646079207,0.5677875319530907,0
9.2,0.6167782061659808,0.4345924316872576,1
9.216666666666667,0.5254420843301213,0.31693671031435433,1
9.233333333333333,0.5337602662075203,0.551120259952498,0
9.25,0.45881230338775325,0.6373658545162958,0
9.266666666666666,0.4512393775927506,0.48625514853723084,0
9.283333333333333,0.4567441812180379,0.5952874547202939,0
9.3,0.5394452142378297,0.6612278257988645,0
9.316666666666666,0.4579015519179737,0.6314914453584047,0
9.333333333333334,0.5289774856896413,0.6639964529371393,0
9.35,0.7075400798645439,0.5742127491071892,0
9.366666666666667,0.5871124703431693,0.5075433638901593,0
9.383333333333333,0.4673976467832159,0.33980341881028314,0
9.4,0.6201213922163945,0.47539375118700516,0
9.416666666666666,0.45919246269784486,0.41567534046838084,0
9.433333333333334,0.29618754648221457,0.7170942717497814,0
9.45,0.39919136890825957,0.48241141875676635,1
9.466666666666667,0.3129208078974144,0.5123204806784486,0
9.483333333333333,0.46484865159586913,0.5551485376040468,0
9.5,0.5018418379189552,0.5043602446372454,0
9.516666666666666,0.6676437312275283,0.6695051040430753,1
9.533333333333333,0.5326927373764163,0.4377350638265548,0
9.55,0.47808994711911357,0.5194607455237242,0
9.566666666666666,0.5829405581183489,0.42575294143019515,0
9.583333333333334,0.27888646909921144,0.3679977488779294,0
9.6,0.5235614558108566,0.43882309090947147,0
9.616666666666667,0.5770865193886967,0.4962963202951588,0
9.633333333333333,0.35214137542201585,0.457069777548274,0
9.65,0.6143754043206929,0.4307579020126144,0
9.666666666666666,0.5338496407494414,0.3593682536328166,1
9.683333333333334,0.45847120860991986,0.4916894427371305,0
9.7,0.5632781866106285,0.3495279625968998,0
9.716666666666667,0.7270692857804396,0.5760055963689603,0
9.733333333333333,0.5181866255058495,0.5082439752934503,0
9.75,0.5248220586300336,0.3542448500535069,1
9.766666666666666,0.45406391004597557,0.46907909229501366,0
9.783333333333333,0.41501556305352083,0.4247843594409417,0
9.8,0.5830335816544245,0.531917451041918,0
9.816666666666666,0.4143916174091133,0.6340450446023145,0
9.833333333333334,0.5071566237219393,0.3124827530354255,0
9.85,0.4522342553234883,0.5115026079147417,0
9.866666666666667,0.5478979825746392,0.48398672044333596,0
9.883333333333333,0.5333662105286948,0.5671340076450466,1
9.9,0.6037539944257899,0.521319662823769,0
9.916666666666666,0.4489983601145253,0.42480306682611807,0
9.933333333333334,0.4730125064706629,0.46809460643333817,0
9.95,0.40212362842176924,0.4203974143196511,0
9.966666666666667,0.4555706739923888,0.6076007138598598,0
9.983333333333333,0.5377300493044852,0.5021311648671942,0
10.0,0.5756988616645352,0.6901190685753007,0
10.016666666666666,0.40778346758223744,0.4939339186185379,0
10.033333333333333,0.586960592010566,0.42915932330895373,0
10.05,0.6355637858804951,0.3486285607387173,1
10.066666666666666,0.5413434903223701,0.3196860323744055,0
10.083333333333334,0.6876795812558066,0.341586405699451,0
10.1,0.4226210800896427,0.5267126651011483,0
10.116666666666667,0.3755345296688583,0.5508725023229933,0
10.133333333333333,0.32212797510957214,0.34188092979678664,0
10.15,0.6496044311489183,0.5895038314076115,0
10.166666666666666,0.5654365656354058,0.45169389483165606,0
10.183333333333334,0.4944415329089545,0.514679301198555,0
10.2,0.527996862631982,0.6612220628255424,0
10.216666666666667,0.38745109527016236,0.5896839315865532,0
10.233333333333333,0.7445751979616826,0.47314693520941675,0
10.25,0.5129221181975228,0.41088077745847124,0
10.266666666666666,0.5109394794604893,0.2848184598670695,0
10.283333333333333,0.5725766623898692,0.42808466807575796,0
10.3,0.5481009231736713,0.4788869761172306,0
10.316666666666666,0.5223884024279132,0.4012820472848816,0
10.333333333333334,0.4209525544554688,0.48687430329076953,0
10.35,0.5471468357135996,0.5076851882958768,0
10.366666666666667,0.6882024496475034,0.47751440181919214,0
10.383333333333333,0.6345420046154978,0.434999741917654,0
10.4,0.6593186626639397,0.5168654671966728,0
10.416666666666666,0.44887843235688146,0.5441940649569409,0
10.433333333333334,0.4010395179741419,0.3909600922557154,0
10.45,0.4874213079900352,0.641093237974627,0
10.466666666666667,0.5055724912288695,0.4901411867715738,0
10.483333333333333,0.6094191518470948,0.5018849622944848,0
10.5,0.33075353702851806,0.5708214423256557,1
10.516666666666666,0.6529550319460614,0.5233216131263502,0
10.533333333333333,0.48419921014210104,0.5953136633913245,0
10.55,0.457311893005258,0.5287124165201824,0
10.566666666666666,0.39878956247398323,0.43875626253595623,0
10.583333333333334,0.334514332813423,0.5361503525206102,0
10.6,0.5823170583961914,0.38562737926793383,0
10.616666666666667,0.5073317967188404,0.5108559705776523,0
10.633333333333333,0.3710039100258946,0.49667700093555395,0
10.65,0.3704921227936384,0.47918831427274605,0
10.666666666666666,0.4664215300709872,0.4871462488561069,1
10.683333333333334,0.6669021525289394,0.3118150954502361,0
10.7,0.4740408648636395,0.44512750922590383,1
10.716666666666667,0.3496857046881894,0.5092844901141115,0
10.733333333333333,0.4754256935914056,0.51598563919974,0
10.75,0.47272764302523296,0.3972324859074042,0
10.766666666666666,0.23031133570584283,0.62657078408647,0
10.783333333333333,0.4945705133482188,0.4133825151785499,0
10.8,0.4769065469791322,0.5969457200526737,1
10.816666666666666,0.5696206364813419,0.5427194361871684,1
10.833333333333334,0.6848956094945345,0.4353772690156197,0
10.85,0.6126565029547757,0.6775310892609512,0
10.866666666666667,0.47311113094451696,0.380636316824352,0
10.883333333333333,0.389347409125833,0.5919154173610002,1
10.9,0.7573359803249861,0.6000582318042978,0
10.916666666666666,0.5059218434014489,0.4329379790923355,0
10.933333333333334,0.5013929291912946,0.639246530006433,0
10.95,0.49758749128899965,0.4749953485401047,0
10.966666666666667,0.5198084760767855,0.5288693629279857,1
10.983333333333333,0.4855639588076058,0.526032183877122,0
11.0,0.4426337993119764,0.4865691258529452,0
11.016666666666666,0.44531410587596076,0.5810808273159782,0
11.033333333333333,0.4967246729784002,0.5793488720552213,0
11.05,0.4456575228866235,0.3251468026761819,0
11.066666666666666,0.42871542173228355,0.6304340242878153,0
11.083333333333334,0.5106430227691897,0.3337508011964325,0
11.1,0.47450227825791447,0.6032546204341658,1
11.116666666666667,0.6503992988582689,0.6126705136827584,0
11.133333333333333,0.23490301916069878,0.39090335697848017,0
11.15,0.6091506851922461,0.4589185712045415,1
11.166666666666666,0.6246085192497629,0.38942953315140644,0
11.183333333333334,0.292660976759185,0.47850789697112645,0
11.2,0.46573124059196513,0.46919657158142586,0
11.216666666666667,0.46285591340042087,0.577966053226934,0
11.233333333333333,0.3592488305282179,0.6310308746119608,0
11.25,0.42221833124091246,0.6395683810789956,1
11.266666666666666,0.3889424154534171,0.44378319734216976,0
11.283333333333333,0.6752270443423622,0.4790778126255472,0
11.3,0.5935678393147461,0.33165618077790493,0
11.316666666666666,0.6271555094994159,0.4194129933503811,0
11.333333333333334,0.5721672064043235,0.5964851633097458,0
11.35,0.38709482287827707,0.6615582823548232,0
11.366666666666667,0.4475479733720226,0.3765651128120078,0
11.383333333333333,0.5489374561227918,0.44075357408471055,0
11.4,0.3777872191108055,0.4973594243041073,1
11.416666666666666,0.5712998430172388,0.5280161158819607,0
11.433333333333334,0.4759674601841865,0.4190396480078354,0
11.45,0.46251791924504027,0.542406104446409,0
11.466666666666667,0.5710959968203492,0.4526160652929084,0
11.483333333333333,0.544426331148604,0.4985547729121721,0
11.5,0.463903383418092,0.55462842480037,0
11.516666666666666,0.6159329803364249,0.5006422269810937,0
11.533333333333333,0.3918936672400103,0.4563614109473431,0
11.55,0.5615935606944263,0.4890390196074169,1
11.566666666666666,0.5593101257968384,0.49116370407946647,1
11.583333333333334,0.469045356068601,0.4629988970117872,1
11.6,0.5326133022242118,0.47412039373328974,0
11.616666666666667,0.3748886423614697,0.6598647170504717,0
11.633333333333333,0.5924027019206901,0.5560919447941238,0
11.65,0.4815097863557011,0.47045196819708396,0
11.666666666666666,0.447727697948096,0.5696954404510736,0
11.683333333333334,0.604900922583689,0.466618051024399,0
11.7,0.4295656309457241,0.6173124637586641,0
11.716666666666667,0.359153870363644,0.5369642192198094,0
11.733333333333333,0.34433708264760965,0.4892697855995771,0
11.75,0.560600995134564,0.5447716925810278,0
11.766666666666666,0.3719570647503717,0.34291238479315006,0
11.783333333333333,0.6754794181984365,0.3873232531090195,0
11.8,0.29180705921162775,0.38060749936009447,0
11.816666666666666,0.6696456368290038,0.5142943094763707,0
11.833333333333334,0.5211017467202619,0.6732514999485092,0
11.85,0.49032868881296077,0.7231300146192632,0
11.866666666666667,0.445508091319105,0.5638051101440757,0
11.883333333333333,0.5399136114352071,0.5500844474944457,0
11.9,0.49623652975751514,0.3198942265847261,0
11.916666666666666,0.6103301882016522,0.4457326200265978,1
11.933333333333334,0.511422764866204,0.42122162480917613,0
11.95,0.5150301761461877,0.43791524017488836,0
11.966666666666667,0.4636387787786144,0.48318561814152106,0
11.983333333333333,0.49430543762789325,0.45279094223028726,1
12.0,0.5307801768892059,0.30207001896242125,0
12.016666666666666,0.3289831607343374,0.5747910256117534,0
12.033333333333333,0.3651814577894287,0.39272569742601937,0
12.05,0.5743264094022715,0.523924686411115,1
12.066666666666666,0.5170865438127942,0.7074082669749974,0
12.083333333333334,0.48160166636473206,0.40806154084135765,0
12.1,0.5018433933065393,0.246971247725367,0
12.116666666666667,0.5347581705361671,0.47139957781198893,0
12.133333333333333,0.4460240319690638,0.6100959634998571,0
12.15,0.4221695274597687,0.6958347454220594,0
12.166666666666666,0.5195845255097682,0.3770450405547583,0
12.183333333333334,0.4021627222384968,0.5496699223236522,0
12.2,0.5408252755714472,0.45346895432199463,0
12.216666666666667,0.32974163957621594,0.48940516456958644,1
12.233333333333333,0.6029155637325644,0.7644343347017035,0
12.25,0.5472597482413043,0.34970296716048466,0
12.266666666666666,0.5256029734313876,0.5253739661494573,0
12.283333333333333,0.5982690983945513,0.5467693171765433,0
12.3,0.6665474444462577,0.6085786324939347,0
12.316666666666666,0.6014370065018131,0.5097983153470895,0
12.333333333333334,0.3159125768668355,0.5308050539504102,0
12.35,0.37204230332642985,0.4608351432578209,0
12.366666666666667,0.4375181422304321,0.5269126941245107,0
12.383333333333333,0.5026091050210834,0.46568077245025896,0
12.4,0.5517659020469123,0.5621571889856051,0
12.416666666666666,0.42742561868465345,0.4630389663956366,1
12.433333333333334,0.5186766764477079,0.5377100393902187,0
12.45,0.42446170676466777,0.4970737186315022,1
12.466666666666667,0.4388482197008052,0.6126050250772168,0
12.483333333333333,0.35933389031517776,0.49486062764115135,1
12.5,0.40767667538890956,0.32269675317931185,0
12.516666666666666,0.36483153943836666,0.6261921500713992,0
12.533333333333333,0.4024126747022667,0.4094267699137381,0
12.55,0.6053641796607839,0.434623366135118,0
12.566666666666666,0.4050601111168057,0.44043387059565076,0
12.583333333333334,0.7632382064837391,0.6374438093170818,0
12.6,0.549331790088089,0.28643257860213045,0
12.616666666666667,0.5184836123694874,0.8137748533659994,0
12.633333333333333,0.41416422198187863,0.6056056809066052,0
12.65,0.5700309879408991,0.522323891412916,0
12.666666666666666,0.44243621737622263,0.4945105999383714,0
12.683333333333334,0.5122009814645362,0.5285554074857657,0
12.7,0.7560084538268794,0.5521122428379338,0
12.716666666666667,0.490394010027535,0.5645215585950057,0
12.733333333333333,0.6149273326285676,0.5555604466003449,0
12.75,0.42968235748741124,0.5089580681255249,0
12.766666666666666,0.49650115095030384,0.4802661579692674,0
12.783333333333333,0.677080063563551,0.4848726716346488,0
12.8,0.43730329422122327,0.4805091719647319,0
12.816666666666666,0.6812448557996928,0.6133770096867065,0
12.833333333333334,0.5707751935455475,0.5593556722280861,0
12.85,0.44375332241057325,0.20596113653357195,0
12.866666666666667,0.563240773905552,0.5655900776529761,0
12.883333333333333,0.597255444962673,0.5194736194718775,0
12.9,0.5621809962217197,0.49812912435541024,0
12.916666666666666,0.3429775280109544,0.4611481546911114,0
12.933333333333334,0.42728628241751315,0.6124112719986013,0
12.95,0.47524813644484953,0.5947526462122859,0
12.966666666666667,0.49255665708999535,0.42271223321763907,0
12.983333333333333,0.5620672097550679,0.5407052287124535,0
13.0,0.5177701000933254,0.40283432654587137,1
13.016666666666666,0.3664655641289899,0.36203818352110695,0
13.033333333333333,0.5380197851005963,0.43732827754100345,1
13.049999999999999,0.5610585745283823,0.5862393472382759,0
13.066666666666666,0.555979044793104,0.5953125045376086,0
13.083333333333334,0.6080780725554622,0.5513085420097293,0
13.1,0.5833922154548904,0.5725095786847997,0
13.116666666666667,0.5459180079228436,0.5516178287114959,0
13.133333333333333,0.4929834288541353,0.43585184047770476,0
13.15,0.33390390664840086,0.543192254467394,0
13.166666666666666,0.5429618219132586,0.5800409525227682,1
13.183333333333334,0.5207687687163112,0.5754291329813574,0
13.2,0.5271578837195373,0.6188913371474642,0
13.216666666666667,0.37232514241796905,0.5708303847201064,0
13.233333333333333,0.3918943459591738,0.5351448207541583,0
13.25,0.6053152853332904,0.6070150238316427,0
13.266666666666666,0.4960444846143345,0.497347874075094,0
13.283333333333333,0.5681500697372625,0.41181253487722824,1
13.299999999999999,0.5028318376130461,0.4836933036056236,0
13.316666666666666,0.5029756139495746,0.4255097355193551,0
13.333333333333334,0.5938283805975998,0.4324821725025618,0
13.35,0.4483955271782626,0.48554813292844823,0
13.366666666666667,0.5096120776940983,0.42075800790000384,0
13.383333333333333,0.45377247112949576,0.46920384703609597,0
13.4,0.45655037725676845,0.31063853330462143,0
13.416666666666666,0.46908278765313605,0.5213293707372939,0
13.433333333333334,0.5222133771633712,0.5001205475362224,0
13.45,0.45212513783365227,0.4182911368931809,0
13.466666666666667,0.6255756125573521,0.5659245668432406,0
13.483333333333333,0.4105392697780496,0.5937570137626559,0
13.5,0.4813128355838641,0.3392440135631026,0
13.516666666666666,0.4560268941725825,0.42372752214337855,0
13.533333333333333,0.6446977884353733,0.42308576502127015,0
13.549999999999999,0.5196554776511575,0.4060096898891135,0
13.566666666666666,0.6031844539468635,0.5829474841931749,0
13.583333333333334,0.3514439626963028,0.48061738612271965,0
13.6,0.5267050265869259,0.4735485158689389,0
13.616666666666667,0.5889630795623437,0.2996137635593247,0
13.633333333333333,0.5082283989275425,0.5635418030209226,0
13.65,0.6065480375065351,0.37607416051465276,0
13.666666666666666,0.4482711549899628,0.5059932630266328,0
13.683333333333334,0.640934744018558,0.5277376937958191,1
13.7,0.7298898123619251,0.6360658595838651,0
13.716666666666667,0.4637161439560341,0.3691179600880888,0
13.733333333333333,0.4554497478599228,0.19804878441791746,0
13.75,0.6453384477117701,0.5183849544753695,0
13.766666666666666,0.6579572145730712,0.6800511181510853,1
13.783333333333333,0.44771399728467315,0.6238946352939437,0
13.799999999999999,0.4579813182904143,0.5209659415274626,1
13.816666666666666,0.4718215391139493,0.4508363814367953,1
13.833333333333334,0.36555494889657225,0.5807122596637311,1
13.85,0.4081348053515802,0.40264538002955313,0
13.866666666666667,0.3995859233247932,0.5476357769356219,0
13.883333333333333,0.42322024348958714,0.5505470159166627,0
13.9,0.4965315112613219,0.606020990749888,0
13.916666666666666,0.5234214732536521,0.7759660038911078,0
13.933333333333334,0.6550500492814078,0.5392415967178767,0
13.95,0.4001645959261209,0.44910363742925014,0
13.966666666666667,0.5984322398476584,0.49744256878080056,0
13.983333333333333,0.4786011155774491,0.3230924095110882,0
14.0,0.4950536290347567,0.4305286868910942,0
14.016666666666666,0.5674819492166604,0.4590717561886896,0
14.033333333333333,0.38772779784377015,0.4475911602065408,0
14.049999999999999,0.538240974618405,0.5152354872033722,0
14.066666666666666,0.5166452208213056,0.41775800676177993,0
14.083333333333334,0.5492451264008149,0.6121030667324472,0
14.1,0.5289168643907818,0.5000207064918197,1
14.116666666666667,0.7455300139910894,0.49906996788613855,0
14.133333333333333,0.4362260015748684,0.46721052834870824,0
14.15,0.4469003044998182,0.5155190683858979,0
14.166666666666666,0.43768594735752353,0.5825098264667634,0
14.183333333333334,0.4444522880839745,0.41328697842890993,0
14.2,0.4362612872693482,0.43418835109247433,0
14.216666666666667,0.6189016531107552,0.46962739712233353,0
14.233333333333333,0.6420504247989856,0.36541290765267853,0
14.25,0.4429253706250524,0.4180742140278502,0
14.266666666666666,0.41676444268957713,0.45237791264553406,0
14.283333333333333,0.5471415556386404,0.5874389180712728,1
14.299999999999999,0.4447776955719029,0.5262561329001925,1
14.316666666666666,0.5632931817755511,0.5193589911367544,0
14.333333333333334,0.52029230208513,0.5850897962167972,0
14.35,0.34842558850027683,0.4862628211600603,0
14.366666666666667,0.6547505201330062,0.539046484992889,0
14.383333333333333,0.6795877673095522,0.48967782470675036,0
14.4,0.4387211309515614,0.5265362349399628,1
14.416666666666666,0.4612298440064016,0.44172413423884177,0
14.433333333333334,0.5285865390724905,0.25611828417235705,0
14.45,0.5334456789987025,0.48657208378136957,0
14.466666666666667,0.5658544272672831,0.642274813609994,1
14.483333333333333,0.7010204538766349,0.5926215402241592,0
14.5,0.4823052772505951,0.5965397484591171,0
14.516666666666666,0.4201702755461546,0.6236130721806218,0
14.533333333333333,0.3620680771985473,0.5088657590961437,0
14.549999999999999,0.42690699600580806,0.5197315707405595,0
14.566666666666666,0.4966873027126203,0.438234810456565,1
14.583333333333334,0.6794557863517787,0.468392714397295,0
14.6,0.44823887009638286,0.5615771149771142,0
14.616666666666667,0.5223787951638899,0.6203884437168816,0
14.633333333333333,0.4983577103927248,0.48605537243190006,0
14.65,0.6188393273448084,0.45498107351485884,0
14.666666666666666,0.7526932425873623,0.5000527958856598,0
14.683333333333334,0.4469131227079679,0.5601206748929115,0
14.7,0.45105605574817775,0.3556145183866458,0
14.716666666666667,0.6044160877069072,0.2703819046862762,0
14.733333333333333,0.5681891489626312,0.44494631505084165,0
14.75,0.6846707325736033,0.3779287574085841,1
14.766666666666666,0.5583928185325964,0.4491859802352689,0
14.783333333333333,0.46407079092129405,0.48522196811825286,0
14.799999999999999,0.559065483069231,0.4546751590976987,0
14.816666666666666,0.6108703580582908,0.6452467534470745,0
14.833333333333334,0.5820482181197364,0.532674476460232,0
14.85,0.5507274031107298,0.5300474359610828,0
14.866666666666667,0.6066674689589154,0.5622207144043402,0
14.883333333333333,0.6169295590445673,0.3861166882219231,0
14.9,0.6382158991037528,0.6039111787420268,0
14.916666666666666,0.5648709887589642,0.49242357134645404,0
14.933333333333334,0.4832881919683146,0.5670480617241213,1
14.95,0.5146713686433323,0.39281427669598445,0
14.966666666666667,0.6206508966508357,0.34462412339839354,0
14.983333333333333,0.4183064329012764,0.5817889658025028,1
15.0,0.5368673308872901,0.5376409526097516,1
15.016666666666666,0.46066611876726393,0.409794844564249,0
15.033333333333333,0.5028744822934818,0.4130336918725306,0
15.049999999999999,0.6278451862607299,0.6125434784414769,0
15.066666666666666,0.5191099068019903,0.3810588107132672,0
15.083333333333334,0.5046436548156149,0.6642672953255964,0
15.1,0.3640143859020081,0.4099379265352131,0
15.116666666666667,0.5746253566027221,0.5638391925608383,0
15.133333333333333,0.5645484181141075,0.46713815242510154,0
15.15,0.716325472330546,0.5603187431082343,0
15.166666666666666,0.46922217650469994,0.44558859978858073,0
15.183333333333334,0.521915032766394,0.48372070939277056,0
15.2,0.5249383683710755,0.5040919175395722,0
15.216666666666667,0.6577453279763474,0.39978125442185275,0
15.233333333333333,0.4904704467613048,0.5740824345420126,1
15.25,0.5279021525770339,0.44867864335284147,0
15.266666666666666,0.5607896509716539,0.47714000846599813,0
15.283333333333333,0.5186609123156358,0.40056506253914875,0
15.299999999999999,0.4553566385449472,0.24376663412046895,0
15.316666666666666,0.5194089992898308,0.4808972237399831,1
15.333333333333334,0.6073631749859772,0.7412615421612916,0
15.35,0.39734847005889395,0.5784604287898024,0
15.366666666666667,0.5132969674146876,0.4980739620265605,0
15.383333333333333,0.42998791850608264,0.47371091707917323,0
15.4,0.6195046628924843,0.5022465892812047,0
15.416666666666666,0.3476813095216225,0.554711911517521,0
15.433333333333334,0.44410781527284116,0.3819187184691155,0
15.45,0.537721187506452,0.6114321694668872,0
15.466666666666667,0.6565524029234341,0.5715381315441244,0
15.483333333333333,0.49342497389270124,0.5718185725707935,1
15.5,0.44448004733068014,0.5438475738809727,0
15.516666666666666,0.688115706944059,0.501961665769399,0
15.533333333333333,0.3551986099583756,0.567286123596682,0
15.549999999999999,0.28011940433799176,0.5591814133741378,1
15.566666666666666,0.5440014450053332,0.4645959289058976,0
15.583333333333334,0.4497945775647389,0.4426398227103099,0
15.6,0.39787671828692867,0.5101856295261986,0
15.616666666666667,0.5708356447299353,0.6549020151495187,0
15.633333333333333,0.5243800713771198,0.3760892924346099,0
15.65,0.44359213692632715,0.353247473424756,0
15.666666666666666,0.37196956013291055,0.5164760841236516,0
15.683333333333334,0.5872457328280145,0.5050887701856018,0
15.7,0.5650201177958661,0.5173341664370408,0
15.716666666666667,0.49008241362206173,0.5243953197908501,0
15.733333333333333,0.6846636996047666,0.4776797745365195,0
15.75,0.39299152336738474,0.6489863438602083,0
15.766666666666666,0.34744748290752614,0.33990960215234844,0
15.783333333333333,0.43080919301187554,0.4171502975219754,0
15.799999999999999,0.4954413983644502,0.48967452398509526,0
15.816666666666666,0.5243339449322691,0.3356811188845833,0
15.833333333333334,0.475876394214367,0.4824145595567929,0
15.85,0.5352055396514297,0.6661470165728018,0
15.866666666666667,0.37484605758095557,0.5020886488295961,0
15.883333333333333,0.644376460407326,0.5230700905718684,0
15.9,0.4917848821607431,0.373983523482742,0
15.916666666666666,0.6117295831588128,0.43836385919605225,0
15.933333333333334,0.5342725346377704,0.4624803619676063,0
15.95,0.5456753219153784,0.4682284903243766,0
15.966666666666667,0.5569767280232204,0.6281643795003768,0
15.983333333333333,0.5447708560017315,0.5557691060725125,0
16.0,0.5642722759867544,0.3888542043062968,1
16.016666666666666,0.6329152530132431,0.5246504778432005,1
16.03333333333333,0.519652116970147,0.5498221748496785,0
16.05,0.5709003757588512,0.6140149038521266,0
16.066666666666666,0.4910264305712773,0.6580540686568374,0
16.083333333333332,0.6440117215449472,0.3984905808172131,0
16.1,0.432360769794073,0.41891424887896617,0
16.116666666666667,0.6800940432910816,0.37424221410853836,0
16.133333333333333,0.49598420493556566,0.47659801408930186,0
16.15,0.3569224897881952,0.5466358374446334,0
16.166666666666668,0.5128104414910789,0.5987334516589102,0
16.183333333333334,0.4318948342525119,0.49240489763574774,0
16.2,0.5840643548988724,0.46801524767451563,0
16.216666666666665,0.4347376020697609,0.515175799224874,0
16.233333333333334,0.45538165667852204,0.4164857098369977,0
16.25,0.31104592690544686,0.7089538721694774,0
16.266666666666666,0.45476936807509233,0.3392338972881941,0
16.28333333333333,0.2576120673371043,0.5184740578895725,1
16.3,0.34160971765142767,0.7023606219229639,0
16.316666666666666,0.5760414656144297,0.5006799844559998,1
16.333333333333332,0.5785800158650832,0.48099609649985053,1
16.35,0.5425457561784964,0.46425545771895727,0
16.366666666666667,0.4033023856870787,0.4819608318237592,0
16.383333333333333,0.495228864385802,0.637284847467653,0
16.4,0.49963974609094314,0.2788138088670493,1
16.416666666666668,0.38416353108074575,0.6533433701296325,0
16.433333333333334,0.650339830176715,0.3576042847549855,0
16.45,0.5877362290575672,0.4733347670765585,0
16.466666666666665,0.4779035826170336,0.45707555797013383,0
16.483333333333334,0.502688583899453,0.558855326977072,0
16.5,0.5208382807947552,0.34018756481162526,0
16.516666666666666,0.2958265131575709,0.5462172666081943,0
16.53333333333333,0.4752822617479403,0.7024309623286853,1
16.55,0.4318015752002201,0.3636825995407189,0
16.566666666666666,0.3998379990105084,0.5189706167610396,1
16.583333333333332,0.4718899707114045,0.4338017822203391,0
16.6,0.6797686526849522,0.5425887206193036,0
16.616666666666667,0.564084286126701,0.5019147777415752,0
16.633333333333333,0.4428821010217203,0.435851309095569,0
16.65,0.5572582781356159,0.5487872284871074,0
16.666666666666668,0.6399355436586003,0.6804348109786743,0
16.683333333333334,0.5924633682912769,0.4809096208272701,0
16.7,0.5059630369920174,0.5719757942148181,1
16.716666666666665,0.4353063222294426,0.3706727042128836,1
16.733333333333334,0.569822331361359,0.4043563623181991,0
16.75,0.539348538542175,0.5472406277880377,0
16.766666666666666,0.5895193220027732,0.6484116028535964,0
16.78333333333333,0.563517180168197,0.5355613348785659,0
16.8,0.6049552715319335,0.46869419694768455,1
16.816666666666666,0.4464764788439432,0.4999291405423354,0
16.833333333333332,0.6317394065634325,0.3749592266030283,0
16.85,0.51975996046924,0.5604515326355367,1
16.866666666666667,0.7075260872625265,0.5882333062323409,0
16.883333333333333,0.4310812181910432,0.45479096671669195,0
16.9,0.6735963803165249,0.4529957852240498,0
16.916666666666668,0.5197910783462648,0.5265878229652049,0
16.933333333333334,0.43485819963855515,0.45632802639594044,0
16.95,0.4516114165945678,0.49338673853741777,0
16.966666666666665,0.46796526918056797,0.7099721789166515,0
16.983333333333334,0.5424165946401917,0.47529742992540036,0
17.0,0.55228354880355,0.4641659847978778,0
17.016666666666666,0.4426299996061421,0.4352458194364841,0
17.03333333333333,0.4975645407739017,0.5744191971499937,0
17.05,0.7142270358611864,0.4818775826781897,0
17.066666666666666,0.6727543170100712,0.4350626961678574,0
17.083333333333332,0.5436323669674032,0.6321304032273012,0
17.1,0.50380034781682,0.6419603004513638,0
17.116666666666667,0.5120031326718262,0.4399576434261295,0
17.133333333333333,0.5613517972730416,0.3133460048639384,0
17.15,0.39772074348015946,0.6007513689836922,0
17.166666666666668,0.4742623462576655,0.4315370174239996,0
17.183333333333334,0.3331415926122411,0.5790625599162769,0
17.2,0.5399223122605279,0.3029896182288164,0
17.216666666666665,0.564719593970274,0.5892597338299309,0
17.233333333333334,0.4516813537700626,0.3788828070719219,0
17.25,0.6573986763290033,0.5730764119066525,0
17.266666666666666,0.3774234336997659,0.5014273067836434,0
17.28333333333333,0.353562511979018,0.4046060580603355,1
17.3,0.5224451818559972,0.45929636870732193,0
17.316666666666666,0.6047098302612155,0.56863184569567,0
17.333333333333332,0.6683927691457869,0.5105894453115234,0
17.35,0.454111573713106,0.5584412980472484,0
17.366666666666667,0.6078680833431296,0.6976440584515485,0
17.383333333333333,0.4961491530499293,0.34357583882889486,0
17.4,0.48273727000591804,0.6617212574968624,0
17.416666666666668,0.5883659937486673,0.5104355937523213,0
17.433333333333334,0.5652322878413419,0.4101215951676872,0
17.45,0.342360784301575,0.366968637426101,0
17.466666666666665,0.6476540349725896,0.48108796092229666,0
17.483333333333334,0.6380091354147451,0.5921650111924459,0
17.5,0.43744372984904706,0.4872450879622466,1
17.516666666666666,0.5395803533437409,0.6511154930247347,0
17.53333333333333,0.5494030186282739,0.35488243099484407,1
17.55,0.5260673765823907,0.49879110521539455,0
17.566666666666666,0.444969484615458,0.3747606555586881,0
17.583333333333332,0.4328376632061948,0.5363631882624967,0
17.6,0.49744459290085546,0.5886887390097301,0
17.616666666666667,0.6172729019259364,0.4579238206318947,0
17.633333333333333,0.5543600154594432,0.23957861433728656,0
17.65,0.4629385667913894,0.5198948146796495,0
17.666666666666668,0.5771698710648345,0.543673855173351,1
17.683333333333334,0.21514573793699243,0.5404294754961698,0
17.7,0.6148765700372103,0.6235782191822155,0
17.716666666666665,0.32602862212219,0.3928946320350951,0
17.733333333333334,0.4637559058596868,0.568021610545045,0
17.75,0.3880330105373856,0.6192507512477975,0
17.766666666666666,0.3705318524279094,0.3221412415993483,0
17.78333333333333,0.6160826787378519,0.5319651825918977,1
17.8,0.45322987986881086,0.44958201689923283,0
17.816666666666666,0.5346503881730715,0.4918477326898354,0
17.833333333333332,0.49530794211208157,0.5347676483538336,0
17.85,0.5477040827223122,0.4512771435886448,1
17.866666666666667,0.5076821891060256,0.4324291920838388,0
17.883333333333333,0.37170077758114306,0.5034152417488025,0
17.9,0.599626681944714,0.39127540611371975,0
17.916666666666668,0.4506243416838688,0.39141748711148144,0
17.933333333333334,0.3443418101340249,0.5679373282956504,0
17.95,0.4571884839034087,0.3851205964841344,0
17.966666666666665,0.6500759790634311,0.5666312500909212,0
17.983333333333334,0.5850221742113493,0.5462591292853951,0
18.0,0.4651347865592141,0.32741932712094035,0
18.016666666666666,0.46507422956815714,0.4322435347664345,0
18.03333333333333,0.46783649487826173,0.6194109403047372,0
18.05,0.707674798356084,0.40188344688603184,0
18.066666666666666,0.5381935452231553,0.45355957376906125,0
18.083333333333332,0.543004164719107,0.5462060893251897,0
18.1,0.6030283454031842,0.5783390509282595,0
18.116666666666667,0.5238789159026513,0.47484611139555044,0
18.133333333333333,0.4740957854179297,0.44024898053083583,1
18.15,0.4803650150915022,0.6422369861698508,0
18.166666666666668,0.4928398740585936,0.673889966379758,0
18.183333333333334,0.4962777763490158,0.5978858050781796,0
18.2,0.572762954363698,0.5085318142565024,0
18.216666666666665,0.50519458858073,0.4191734278359074,0
18.233333333333334,0.5732640077215579,0.4169555593443435,0
18.25,0.49192834198914176,0.5522514105265758,0
18.266666666666666,0.5078635190316091,0.5418398220888684,0
18.28333333333333,0.30017993154678924,0.6401598592946429,0
18.3,0.5916327674702482,0.5650450092536139,0
18.316666666666666,0.5346488475897992,0.3496919698240182,0
18.333333333333332,0.5998010109859653,0.6051947617722919,0
18.35,0.21037446218063105,0.4001939372685587,1
18.366666666666667,0.7088374704780728,0.46160287280476486,1
18.383333333333333,0.4860410371844826,0.5250200206251694,0
18.4,0.6108182816737516,0.6995667489783964,0
18.416666666666668,0.39600940728744694,0.8109918556005361,0
18.433333333333334,0.5612773905062569,0.5606723059136183,0
18.45,0.39465844368263436,0.48168033812796124,0
18.466666666666665,0.4376231039304195,0.553450564848055,0
18.483333333333334,0.6914031353866786,0.5887655425873837,0
18.5,0.4809317599236653,0.46793323744428084,0
18.516666666666666,0.5217432873179723,0.6795211355912323,0
18.53333333333333,0.5870067730688754,0.5230070759191402,0
18.55,0.5495681887972604,0.5497743089091395,0
18.566666666666666,0.5150418905143577,0.5665924252054462,0
18.583333333333332,0.5364961002466225,0.5421586610614456,1
18.6,0.7403415585238275,0.5838940500469613,0
18.616666666666667,0.49423812029664144,0.43827468134530767,0
18.633333333333333,0.5201099046714968,0.44416982460539695,1
18.65,0.6050654396007612,0.3899845767028305,1
18.666666666666668,0.6105525932957984,0.5439501230620226,0
18.683333333333334,0.618703030556038,0.5778936503512114,0
18.7,0.5638730222029185,0.5457772866151885,0
18.716666666666665,0.38569950872695163,0.6674492433347538,0
18.733333333333334,0.6633431532301096,0.49944039811709534,0
18.75,0.3853654606981312,0.5668741655592513,0
18.766666666666666,0.5302635465239033,0.39082991238606857,0
18.78333333333333,0.4245724149980642,0.4612900297525599,0
18.8,0.49358616534070077,0.5695537757565777,0
18.816666666666666,0.532876241030348,0.5849102110743144,0
18.833333333333332,0.5321357215450273,0.4706033052335818,0
18.85,0.5421920754235284,0.49284007481419334,0
18.866666666666667,0.6613711269058647,0.34821262533191905,0
18.883333333333333,0.545353430151398,0.46429707991933905,0
18.9,0.4755843364709351,0.5890383163519786,0
18.916666666666668,0.5964087168288357,0.5575205016106566,1
18.933333333333334,0.6189470488924641,0.5500665721381209,0
18.95,0.37723921848630076,0.504977368718096,0
18.966666666666665,0.5597400069849858,0.5007063158628177,0
18.983333333333334,0.5701172742310898,0.4339678860526553,0
19.0,0.4702436496640008,0.5698828420202535,0
19.016666666666666,0.6375706813311619,0.542097294438939,0
19.03333333333333,0.48499444129674735,0.5492018847992799,0
19.05,0.5125576453471542,0.44739651573324196,0
19.066666666666666,0.48269281757161303,0.28466570801287555,0
19.083333333333332,0.5015579047581468,0.6097152711753696,0
19.1,0.3903724913104798,0.4521162543991596,0
19.116666666666667,0.3559949117405705,0.41372242359568795,1
19.133333333333333,0.6594505063224972,0.5693478911913994,0
19.15,0.4153038651681672,0.460798736008087,0
19.166666666666668,0.4008607650543693,0.6059936384046622,0
19.183333333333334,0.2846609886396285,0.5617005949576698,0
19.2,0.4361038252310498,0.5683569323200478,0
19.216666666666665,0.3676910206592502,0.36340442887994656,0
19.233333333333334,0.664201516013637,0.6211943985386401,0
19.25,0.6009817089342634,0.5261250531233856,0
19.266666666666666,0.4311849654822276,0.4630722860753797,0
19.28333333333333,0.7252435805344308,0.5143388467342251,0
19.3,0.5981765486991595,0.322376476710168,0
19.316666666666666,0.46751686164913775,0.5408652811480671,0
19.333333333333332,0.2500594285126427,0.39706284918179285,0
19.35,0.7290942572590742,0.36473297141564653,0
19.366666666666667,0.3610427533236404,0.3477640813782109,0
19.383333333333333,0.3354601253043108,0.6112688374989925,0
19.4,0.6022570432009641,0.4370736606307211,0
19.416666666666668,0.7439752406339273,0.6533727709916499,0
19.433333333333334,0.6384272818510518,0.4464198536947702,1
19.45,0.5563909120052359,0.32926420424070535,0
19.466666666666665,0.5594754341665286,0.3883475560051341,0
19.483333333333334,0.5853415558780308,0.6235811620006939,0
19.5,0.5758928589786765,0.48441018220633325,0
19.516666666666666,0.5281191423969376,0.4451712703509399,0
19.53333333333333,0.5104201103951876,0.5160018225852787,0
19.55,0.49374068721004777,0.5501782736167545,0
19.566666666666666,0.4246035411133324,0.6117398815902461,0
19.583333333333332,0.47193249231332257,0.6448499229892927,0
19.6,0.33070431858046145,0.4640231354210914,0
19.616666666666667,0.490166037320525,0.3673952313917962,1
19.633333333333333,0.40114088928490826,0.4586534838876724,0
19.65,0.38964106827842293,0.5260280506582886,0
19.666666666666668,0.5179894151153478,0.4036241073789389,0
19.683333333333334,0.6392002286344599,0.4042849085104957,0
19.7,0.5918316606002313,0.5343787881549885,0
19.716666666666665,0.3429499396376823,0.4951347648429549,0
19.733333333333334,0.40103718634296626,0.5032796995411587,0
19.75,0.5940771187988216,0.42415046652999305,0
19.766666666666666,0.40175126064616906,0.47695992857942326,0
19.78333333333333,0.47753668500029756,0.40757668557316956,0
19.8,0.5550052099024552,0.5890198411124787,0
19.816666666666666,0.40316555451363645,0.6035249334723752,1
19.833333333333332,0.5105375506145959,0.3153812137761906,0
19.85,0.36659745050817955,0.407048913980759,0
19.866666666666667,0.4398632356048786,0.3503470744909921,0
19.883333333333333,0.5319781934142537,0.4349976065593102,1
19.9,0.3407006266468331,0.4916562030209639,0
19.916666666666668,0.5440474737960399,0.355035478030147,0
19.933333333333334,0.4980362201073319,0.4078140186874687,0
19.95,0.5552489954417148,0.39960426279185013,0
19.966666666666665,0.5223914134064661,0.5207267329398944,0
19.983333333333334,0.6364140429973845,0.506934433703625,0
